gene	aa_position	events
ORF1a	2	1
ORF1a	3	1
ORF1a	4	2
ORF1a	7	1
ORF1a	8	2
ORF1a	10	1
ORF1a	12	1
ORF1a	13	1
ORF1a	14	1
ORF1a	15	1
ORF1a	16	1
ORF1a	17	2
ORF1a	18	1
ORF1a	24	3
ORF1a	29	1
ORF1a	30	2
ORF1a	32	1
ORF1a	33	1
ORF1a	34	1
ORF1a	36	2
ORF1a	37	2
ORF1a	42	2
ORF1a	43	1
ORF1a	45	2
ORF1a	46	1
ORF1a	49	3
ORF1a	51	1
ORF1a	52	2
ORF1a	57	1
ORF1a	60	1
ORF1a	61	1
ORF1a	62	1
ORF1a	65	1
ORF1a	69	1
ORF1a	70	1
ORF1a	73	1
ORF1a	74	1
ORF1a	75	2
ORF1a	76	2
ORF1a	79	1
ORF1a	81	3
ORF1a	82	36
ORF1a	83	41
ORF1a	84	47
ORF1a	85	51
ORF1a	86	29
ORF1a	87	5
ORF1a	90	1
ORF1a	92	3
ORF1a	94	1
ORF1a	95	2
ORF1a	98	1
ORF1a	99	1
ORF1a	100	1
ORF1a	102	1
ORF1a	106	1
ORF1a	110	3
ORF1a	111	1
ORF1a	112	3
ORF1a	117	1
ORF1a	118	1
ORF1a	120	1
ORF1a	124	1
ORF1a	133	1
ORF1a	135	6
ORF1a	137	1
ORF1a	138	1
ORF1a	141	19
ORF1a	142	16
ORF1a	143	18
ORF1a	146	1
ORF1a	148	1
ORF1a	150	1
ORF1a	153	1
ORF1a	155	1
ORF1a	159	1
ORF1a	166	2
ORF1a	175	1
ORF1a	181	1
ORF1a	182	1
ORF1a	184	2
ORF1a	186	1
ORF1a	188	1
ORF1a	190	1
ORF1a	192	3
ORF1a	193	3
ORF1a	196	1
ORF1a	197	1
ORF1a	199	1
ORF1a	203	2
ORF1a	204	3
ORF1a	206	1
ORF1a	207	9
ORF1a	212	2
ORF1a	213	1
ORF1a	216	1
ORF1a	221	1
ORF1a	222	2
ORF1a	224	3
ORF1a	226	2
ORF1a	227	2
ORF1a	228	1
ORF1a	229	2
ORF1a	230	1
ORF1a	232	3
ORF1a	233	1
ORF1a	248	2
ORF1a	257	1
ORF1a	260	1
ORF1a	261	4
ORF1a	263	1
ORF1a	265	8
ORF1a	271	2
ORF1a	276	2
ORF1a	278	1
ORF1a	279	2
ORF1a	280	1
ORF1a	283	1
ORF1a	284	1
ORF1a	285	1
ORF1a	286	1
ORF1a	288	2
ORF1a	292	2
ORF1a	293	1
ORF1a	295	3
ORF1a	297	2
ORF1a	298	1
ORF1a	299	1
ORF1a	300	1
ORF1a	302	1
ORF1a	304	1
ORF1a	305	3
ORF1a	307	4
ORF1a	309	11
ORF1a	310	2
ORF1a	313	1
ORF1a	316	1
ORF1a	317	1
ORF1a	318	1
ORF1a	322	1
ORF1a	325	4
ORF1a	327	2
ORF1a	329	2
ORF1a	330	2
ORF1a	331	1
ORF1a	332	1
ORF1a	333	6
ORF1a	339	1
ORF1a	340	1
ORF1a	342	1
ORF1a	345	1
ORF1a	346	4
ORF1a	349	1
ORF1a	350	2
ORF1a	352	2
ORF1a	353	2
ORF1a	356	1
ORF1a	361	5
ORF1a	362	1
ORF1a	365	1
ORF1a	372	1
ORF1a	374	4
ORF1a	376	1
ORF1a	377	2
ORF1a	378	1
ORF1a	380	2
ORF1a	381	3
ORF1a	383	1
ORF1a	384	3
ORF1a	385	2
ORF1a	386	1
ORF1a	388	2
ORF1a	391	2
ORF1a	392	2
ORF1a	393	1
ORF1a	397	1
ORF1a	398	6
ORF1a	399	1
ORF1a	403	6
ORF1a	412	1
ORF1a	417	5
ORF1a	426	1
ORF1a	427	1
ORF1a	428	3
ORF1a	434	1
ORF1a	435	2
ORF1a	436	1
ORF1a	438	1
ORF1a	442	1
ORF1a	443	3
ORF1a	444	1
ORF1a	445	3
ORF1a	446	4
ORF1a	448	1
ORF1a	450	2
ORF1a	451	1
ORF1a	452	1
ORF1a	453	1
ORF1a	454	2
ORF1a	455	1
ORF1a	457	1
ORF1a	460	2
ORF1a	461	1
ORF1a	463	2
ORF1a	470	1
ORF1a	472	1
ORF1a	477	1
ORF1a	479	2
ORF1a	482	2
ORF1a	484	1
ORF1a	486	5
ORF1a	489	2
ORF1a	493	1
ORF1a	496	3
ORF1a	498	3
ORF1a	504	1
ORF1a	511	1
ORF1a	512	1
ORF1a	513	1
ORF1a	514	1
ORF1a	516	1
ORF1a	519	12
ORF1a	520	3
ORF1a	523	1
ORF1a	525	2
ORF1a	528	2
ORF1a	530	1
ORF1a	532	1
ORF1a	533	1
ORF1a	538	2
ORF1a	540	7
ORF1a	541	2
ORF1a	542	3
ORF1a	547	1
ORF1a	550	3
ORF1a	552	2
ORF1a	555	1
ORF1a	556	2
ORF1a	557	1
ORF1a	560	3
ORF1a	561	3
ORF1a	563	2
ORF1a	564	2
ORF1a	565	5
ORF1a	567	1
ORF1a	568	2
ORF1a	572	1
ORF1a	575	2
ORF1a	578	1
ORF1a	580	3
ORF1a	582	1
ORF1a	583	1
ORF1a	584	1
ORF1a	587	1
ORF1a	588	1
ORF1a	589	1
ORF1a	590	1
ORF1a	591	3
ORF1a	592	1
ORF1a	598	1
ORF1a	599	5
ORF1a	602	1
ORF1a	607	4
ORF1a	609	1
ORF1a	610	1
ORF1a	614	3
ORF1a	616	1
ORF1a	617	1
ORF1a	621	1
ORF1a	624	1
ORF1a	627	1
ORF1a	630	2
ORF1a	631	2
ORF1a	632	1
ORF1a	634	3
ORF1a	636	1
ORF1a	638	1
ORF1a	640	2
ORF1a	642	3
ORF1a	643	1
ORF1a	644	1
ORF1a	646	2
ORF1a	654	1
ORF1a	656	1
ORF1a	657	1
ORF1a	658	1
ORF1a	659	1
ORF1a	660	1
ORF1a	661	2
ORF1a	664	1
ORF1a	665	1
ORF1a	669	1
ORF1a	672	2
ORF1a	674	1
ORF1a	675	3
ORF1a	676	1
ORF1a	678	1
ORF1a	679	1
ORF1a	680	1
ORF1a	681	3
ORF1a	687	1
ORF1a	690	5
ORF1a	691	1
ORF1a	694	1
ORF1a	698	1
ORF1a	701	2
ORF1a	703	2
ORF1a	707	1
ORF1a	708	4
ORF1a	709	1
ORF1a	710	1
ORF1a	712	1
ORF1a	723	1
ORF1a	724	2
ORF1a	726	1
ORF1a	727	4
ORF1a	730	4
ORF1a	732	1
ORF1a	735	2
ORF1a	737	1
ORF1a	740	3
ORF1a	747	1
ORF1a	750	1
ORF1a	753	1
ORF1a	754	1
ORF1a	755	1
ORF1a	757	1
ORF1a	767	1
ORF1a	768	1
ORF1a	769	2
ORF1a	770	1
ORF1a	774	2
ORF1a	775	1
ORF1a	776	1
ORF1a	777	1
ORF1a	782	1
ORF1a	789	1
ORF1a	797	1
ORF1a	798	2
ORF1a	802	1
ORF1a	804	3
ORF1a	812	1
ORF1a	814	6
ORF1a	816	1
ORF1a	819	3
ORF1a	821	2
ORF1a	824	1
ORF1a	828	1
ORF1a	840	2
ORF1a	842	6
ORF1a	844	1
ORF1a	852	1
ORF1a	853	1
ORF1a	855	1
ORF1a	856	4
ORF1a	858	2
ORF1a	859	5
ORF1a	865	1
ORF1a	868	1
ORF1a	876	4
ORF1a	878	1
ORF1a	879	2
ORF1a	880	5
ORF1a	882	1
ORF1a	883	1
ORF1a	886	1
ORF1a	887	1
ORF1a	891	1
ORF1a	892	1
ORF1a	894	1
ORF1a	902	1
ORF1a	903	5
ORF1a	911	1
ORF1a	913	2
ORF1a	917	2
ORF1a	921	1
ORF1a	924	2
ORF1a	927	4
ORF1a	928	2
ORF1a	929	1
ORF1a	931	1
ORF1a	933	1
ORF1a	934	1
ORF1a	935	2
ORF1a	939	1
ORF1a	940	2
ORF1a	942	1
ORF1a	943	4
ORF1a	944	11
ORF1a	945	1
ORF1a	947	1
ORF1a	948	1
ORF1a	950	1
ORF1a	951	3
ORF1a	952	1
ORF1a	953	3
ORF1a	958	1
ORF1a	959	4
ORF1a	964	1
ORF1a	967	3
ORF1a	968	1
ORF1a	970	1
ORF1a	971	8
ORF1a	973	1
ORF1a	984	1
ORF1a	987	1
ORF1a	989	2
ORF1a	992	1
ORF1a	993	2
ORF1a	994	1
ORF1a	995	1
ORF1a	997	2
ORF1a	998	3
ORF1a	999	2
ORF1a	1000	3
ORF1a	1001	3
ORF1a	1004	1
ORF1a	1007	1
ORF1a	1008	1
ORF1a	1013	4
ORF1a	1014	1
ORF1a	1016	1
ORF1a	1017	2
ORF1a	1018	1
ORF1a	1020	1
ORF1a	1021	1
ORF1a	1022	2
ORF1a	1024	1
ORF1a	1029	2
ORF1a	1030	1
ORF1a	1034	1
ORF1a	1035	1
ORF1a	1036	1
ORF1a	1037	1
ORF1a	1043	3
ORF1a	1049	1
ORF1a	1051	1
ORF1a	1054	6
ORF1a	1055	3
ORF1a	1056	3
ORF1a	1057	2
ORF1a	1058	1
ORF1a	1060	1
ORF1a	1067	1
ORF1a	1069	2
ORF1a	1071	1
ORF1a	1073	5
ORF1a	1074	2
ORF1a	1076	1
ORF1a	1077	1
ORF1a	1081	2
ORF1a	1082	3
ORF1a	1083	1
ORF1a	1087	1
ORF1a	1088	1
ORF1a	1089	1
ORF1a	1091	2
ORF1a	1092	1
ORF1a	1094	1
ORF1a	1095	1
ORF1a	1096	1
ORF1a	1098	2
ORF1a	1100	1
ORF1a	1101	1
ORF1a	1103	1
ORF1a	1108	2
ORF1a	1109	1
ORF1a	1113	2
ORF1a	1114	1
ORF1a	1119	1
ORF1a	1121	1
ORF1a	1125	1
ORF1a	1127	1
ORF1a	1130	6
ORF1a	1131	1
ORF1a	1132	1
ORF1a	1137	1
ORF1a	1140	1
ORF1a	1141	3
ORF1a	1142	2
ORF1a	1143	3
ORF1a	1146	1
ORF1a	1150	1
ORF1a	1151	1
ORF1a	1155	3
ORF1a	1156	1
ORF1a	1157	1
ORF1a	1158	8
ORF1a	1160	3
ORF1a	1163	2
ORF1a	1168	5
ORF1a	1170	1
ORF1a	1171	1
ORF1a	1172	1
ORF1a	1173	1
ORF1a	1175	1
ORF1a	1177	1
ORF1a	1183	1
ORF1a	1184	1
ORF1a	1186	1
ORF1a	1187	1
ORF1a	1188	2
ORF1a	1190	1
ORF1a	1191	1
ORF1a	1197	1
ORF1a	1198	1
ORF1a	1200	1
ORF1a	1202	4
ORF1a	1203	1
ORF1a	1207	3
ORF1a	1211	2
ORF1a	1212	1
ORF1a	1213	5
ORF1a	1214	1
ORF1a	1215	1
ORF1a	1216	1
ORF1a	1217	1
ORF1a	1218	1
ORF1a	1219	1
ORF1a	1220	4
ORF1a	1221	1
ORF1a	1222	4
ORF1a	1223	2
ORF1a	1224	1
ORF1a	1225	1
ORF1a	1226	2
ORF1a	1227	1
ORF1a	1228	2
ORF1a	1229	2
ORF1a	1230	1
ORF1a	1231	1
ORF1a	1232	2
ORF1a	1233	1
ORF1a	1234	2
ORF1a	1235	1
ORF1a	1240	3
ORF1a	1241	3
ORF1a	1246	1
ORF1a	1247	1
ORF1a	1249	3
ORF1a	1250	2
ORF1a	1251	1
ORF1a	1257	1
ORF1a	1264	2
ORF1a	1265	1
ORF1a	1269	1
ORF1a	1272	1
ORF1a	1274	1
ORF1a	1276	1
ORF1a	1277	1
ORF1a	1281	1
ORF1a	1283	6
ORF1a	1286	1
ORF1a	1287	1
ORF1a	1291	1
ORF1a	1293	1
ORF1a	1294	1
ORF1a	1295	3
ORF1a	1298	2
ORF1a	1299	2
ORF1a	1300	1
ORF1a	1303	1
ORF1a	1305	1
ORF1a	1306	1
ORF1a	1307	2
ORF1a	1311	1
ORF1a	1312	2
ORF1a	1314	4
ORF1a	1319	1
ORF1a	1323	1
ORF1a	1324	1
ORF1a	1330	1
ORF1a	1339	2
ORF1a	1342	1
ORF1a	1344	1
ORF1a	1346	1
ORF1a	1348	1
ORF1a	1352	4
ORF1a	1358	1
ORF1a	1361	1
ORF1a	1363	1
ORF1a	1374	2
ORF1a	1377	1
ORF1a	1378	3
ORF1a	1380	2
ORF1a	1386	2
ORF1a	1387	2
ORF1a	1388	2
ORF1a	1389	2
ORF1a	1390	2
ORF1a	1391	2
ORF1a	1392	3
ORF1a	1393	3
ORF1a	1394	2
ORF1a	1395	2
ORF1a	1396	1
ORF1a	1397	3
ORF1a	1398	2
ORF1a	1399	1
ORF1a	1400	1
ORF1a	1402	1
ORF1a	1403	1
ORF1a	1404	3
ORF1a	1405	3
ORF1a	1408	1
ORF1a	1412	1
ORF1a	1413	3
ORF1a	1416	1
ORF1a	1421	1
ORF1a	1422	1
ORF1a	1423	1
ORF1a	1424	1
ORF1a	1425	1
ORF1a	1426	1
ORF1a	1427	1
ORF1a	1429	3
ORF1a	1432	2
ORF1a	1440	1
ORF1a	1442	1
ORF1a	1446	2
ORF1a	1448	1
ORF1a	1453	2
ORF1a	1459	1
ORF1a	1460	1
ORF1a	1464	2
ORF1a	1467	1
ORF1a	1472	2
ORF1a	1480	1
ORF1a	1483	1
ORF1a	1493	1
ORF1a	1496	4
ORF1a	1497	1
ORF1a	1500	1
ORF1a	1504	1
ORF1a	1505	3
ORF1a	1506	1
ORF1a	1507	4
ORF1a	1515	1
ORF1a	1517	1
ORF1a	1520	2
ORF1a	1525	3
ORF1a	1531	1
ORF1a	1532	2
ORF1a	1536	1
ORF1a	1537	1
ORF1a	1538	1
ORF1a	1539	2
ORF1a	1543	5
ORF1a	1547	1
ORF1a	1548	1
ORF1a	1550	2
ORF1a	1555	1
ORF1a	1559	1
ORF1a	1564	1
ORF1a	1565	2
ORF1a	1566	2
ORF1a	1579	1
ORF1a	1580	1
ORF1a	1582	1
ORF1a	1583	1
ORF1a	1586	1
ORF1a	1587	2
ORF1a	1591	2
ORF1a	1594	1
ORF1a	1595	1
ORF1a	1596	2
ORF1a	1597	2
ORF1a	1600	3
ORF1a	1605	1
ORF1a	1607	1
ORF1a	1610	4
ORF1a	1612	1
ORF1a	1613	1
ORF1a	1617	2
ORF1a	1622	1
ORF1a	1623	1
ORF1a	1624	1
ORF1a	1631	1
ORF1a	1633	1
ORF1a	1636	1
ORF1a	1637	1
ORF1a	1638	2
ORF1a	1639	1
ORF1a	1640	6
ORF1a	1647	1
ORF1a	1649	1
ORF1a	1652	1
ORF1a	1653	1
ORF1a	1655	5
ORF1a	1657	1
ORF1a	1659	2
ORF1a	1668	1
ORF1a	1671	2
ORF1a	1678	2
ORF1a	1679	3
ORF1a	1682	4
ORF1a	1683	1
ORF1a	1686	1
ORF1a	1687	1
ORF1a	1688	1
ORF1a	1689	1
ORF1a	1692	3
ORF1a	1693	1
ORF1a	1708	2
ORF1a	1714	1
ORF1a	1719	2
ORF1a	1724	1
ORF1a	1732	2
ORF1a	1733	1
ORF1a	1740	1
ORF1a	1742	1
ORF1a	1750	2
ORF1a	1754	4
ORF1a	1759	1
ORF1a	1762	1
ORF1a	1764	1
ORF1a	1765	1
ORF1a	1769	3
ORF1a	1774	1
ORF1a	1781	1
ORF1a	1784	1
ORF1a	1785	2
ORF1a	1786	1
ORF1a	1794	2
ORF1a	1795	1
ORF1a	1799	1
ORF1a	1803	5
ORF1a	1810	2
ORF1a	1812	1
ORF1a	1814	1
ORF1a	1818	1
ORF1a	1820	3
ORF1a	1822	6
ORF1a	1824	4
ORF1a	1826	1
ORF1a	1828	2
ORF1a	1830	1
ORF1a	1835	1
ORF1a	1840	3
ORF1a	1843	1
ORF1a	1844	3
ORF1a	1847	1
ORF1a	1849	1
ORF1a	1851	2
ORF1a	1852	1
ORF1a	1853	1
ORF1a	1854	6
ORF1a	1857	1
ORF1a	1862	2
ORF1a	1864	1
ORF1a	1874	1
ORF1a	1876	2
ORF1a	1877	2
ORF1a	1881	6
ORF1a	1887	6
ORF1a	1889	2
ORF1a	1890	1
ORF1a	1895	2
ORF1a	1908	1
ORF1a	1920	2
ORF1a	1921	5
ORF1a	1924	1
ORF1a	1933	1
ORF1a	1935	2
ORF1a	1939	2
ORF1a	1947	1
ORF1a	1948	1
ORF1a	1950	1
ORF1a	1957	1
ORF1a	1966	1
ORF1a	1968	1
ORF1a	1977	3
ORF1a	1978	1
ORF1a	1983	1
ORF1a	1991	1
ORF1a	1994	1
ORF1a	1995	1
ORF1a	1997	4
ORF1a	1998	2
ORF1a	2001	1
ORF1a	2003	2
ORF1a	2005	1
ORF1a	2007	1
ORF1a	2010	2
ORF1a	2016	4
ORF1a	2018	2
ORF1a	2022	1
ORF1a	2024	2
ORF1a	2026	1
ORF1a	2028	1
ORF1a	2029	1
ORF1a	2030	3
ORF1a	2031	1
ORF1a	2032	1
ORF1a	2033	1
ORF1a	2035	2
ORF1a	2036	1
ORF1a	2040	1
ORF1a	2042	1
ORF1a	2046	6
ORF1a	2047	3
ORF1a	2048	2
ORF1a	2051	1
ORF1a	2052	1
ORF1a	2055	3
ORF1a	2058	1
ORF1a	2059	1
ORF1a	2060	2
ORF1a	2061	2
ORF1a	2062	2
ORF1a	2065	2
ORF1a	2069	1
ORF1a	2070	1
ORF1a	2071	4
ORF1a	2073	1
ORF1a	2077	1
ORF1a	2078	1
ORF1a	2079	2
ORF1a	2080	1
ORF1a	2081	1
ORF1a	2082	1
ORF1a	2083	14
ORF1a	2084	13
ORF1a	2087	1
ORF1a	2091	2
ORF1a	2092	4
ORF1a	2093	4
ORF1a	2094	1
ORF1a	2097	1
ORF1a	2100	1
ORF1a	2102	2
ORF1a	2103	5
ORF1a	2105	1
ORF1a	2106	2
ORF1a	2110	1
ORF1a	2111	1
ORF1a	2114	3
ORF1a	2115	1
ORF1a	2119	1
ORF1a	2120	2
ORF1a	2121	3
ORF1a	2122	2
ORF1a	2123	4
ORF1a	2124	3
ORF1a	2125	2
ORF1a	2128	1
ORF1a	2129	2
ORF1a	2131	1
ORF1a	2132	3
ORF1a	2133	1
ORF1a	2134	3
ORF1a	2135	1
ORF1a	2136	2
ORF1a	2137	1
ORF1a	2138	1
ORF1a	2139	2
ORF1a	2140	2
ORF1a	2142	1
ORF1a	2143	2
ORF1a	2146	2
ORF1a	2147	1
ORF1a	2150	1
ORF1a	2151	1
ORF1a	2154	2
ORF1a	2162	1
ORF1a	2163	1
ORF1a	2166	2
ORF1a	2174	1
ORF1a	2178	1
ORF1a	2180	1
ORF1a	2181	1
ORF1a	2183	4
ORF1a	2186	4
ORF1a	2192	2
ORF1a	2193	3
ORF1a	2195	1
ORF1a	2196	1
ORF1a	2197	1
ORF1a	2199	2
ORF1a	2200	1
ORF1a	2202	1
ORF1a	2210	1
ORF1a	2224	2
ORF1a	2229	1
ORF1a	2230	3
ORF1a	2235	1
ORF1a	2239	1
ORF1a	2242	1
ORF1a	2243	2
ORF1a	2244	1
ORF1a	2246	1
ORF1a	2249	1
ORF1a	2250	1
ORF1a	2252	1
ORF1a	2255	2
ORF1a	2256	2
ORF1a	2259	4
ORF1a	2260	1
ORF1a	2261	2
ORF1a	2264	2
ORF1a	2265	1
ORF1a	2266	1
ORF1a	2269	1
ORF1a	2273	3
ORF1a	2274	3
ORF1a	2276	1
ORF1a	2278	1
ORF1a	2280	1
ORF1a	2282	1
ORF1a	2283	5
ORF1a	2285	2
ORF1a	2286	1
ORF1a	2287	5
ORF1a	2290	1
ORF1a	2300	2
ORF1a	2307	1
ORF1a	2309	1
ORF1a	2310	1
ORF1a	2320	1
ORF1a	2332	1
ORF1a	2344	2
ORF1a	2345	4
ORF1a	2352	1
ORF1a	2355	1
ORF1a	2364	1
ORF1a	2365	1
ORF1a	2374	2
ORF1a	2376	1
ORF1a	2379	1
ORF1a	2387	1
ORF1a	2388	2
ORF1a	2401	1
ORF1a	2405	2
ORF1a	2406	1
ORF1a	2407	1
ORF1a	2408	1
ORF1a	2411	1
ORF1a	2430	1
ORF1a	2439	1
ORF1a	2468	1
ORF1a	2472	1
ORF1a	2476	1
ORF1a	2488	4
ORF1a	2490	1
ORF1a	2491	1
ORF1a	2497	6
ORF1a	2499	1
ORF1a	2500	7
ORF1a	2501	1
ORF1a	2503	3
ORF1a	2508	1
ORF1a	2511	5
ORF1a	2512	1
ORF1a	2517	1
ORF1a	2519	1
ORF1a	2529	4
ORF1a	2535	4
ORF1a	2537	1
ORF1a	2538	1
ORF1a	2539	1
ORF1a	2552	2
ORF1a	2554	8
ORF1a	2568	1
ORF1a	2574	1
ORF1a	2582	1
ORF1a	2586	1
ORF1a	2587	2
ORF1a	2588	2
ORF1a	2589	3
ORF1a	2592	2
ORF1a	2596	1
ORF1a	2600	3
ORF1a	2605	1
ORF1a	2606	2
ORF1a	2607	1
ORF1a	2609	4
ORF1a	2612	1
ORF1a	2613	4
ORF1a	2614	3
ORF1a	2615	1
ORF1a	2617	1
ORF1a	2620	3
ORF1a	2625	5
ORF1a	2629	2
ORF1a	2631	2
ORF1a	2636	2
ORF1a	2642	2
ORF1a	2661	1
ORF1a	2670	1
ORF1a	2682	1
ORF1a	2685	1
ORF1a	2688	1
ORF1a	2695	1
ORF1a	2698	1
ORF1a	2699	1
ORF1a	2702	1
ORF1a	2708	1
ORF1a	2710	7
ORF1a	2739	4
ORF1a	2754	1
ORF1a	2759	2
ORF1a	2765	2
ORF1a	2767	1
ORF1a	2769	1
ORF1a	2774	1
ORF1a	2778	2
ORF1a	2779	1
ORF1a	2780	1
ORF1a	2783	1
ORF1a	2787	2
ORF1a	2791	3
ORF1a	2792	2
ORF1a	2794	1
ORF1a	2796	7
ORF1a	2797	2
ORF1a	2798	1
ORF1a	2802	2
ORF1a	2807	1
ORF1a	2813	1
ORF1a	2822	2
ORF1a	2823	1
ORF1a	2825	1
ORF1a	2828	2
ORF1a	2832	1
ORF1a	2833	2
ORF1a	2836	1
ORF1a	2844	1
ORF1a	2846	4
ORF1a	2855	2
ORF1a	2856	1
ORF1a	2857	2
ORF1a	2861	1
ORF1a	2862	2
ORF1a	2865	2
ORF1a	2866	2
ORF1a	2876	2
ORF1a	2877	2
ORF1a	2878	2
ORF1a	2881	1
ORF1a	2895	1
ORF1a	2898	1
ORF1a	2900	4
ORF1a	2902	1
ORF1a	2904	2
ORF1a	2906	1
ORF1a	2909	7
ORF1a	2910	3
ORF1a	2926	1
ORF1a	2928	1
ORF1a	2929	2
ORF1a	2930	3
ORF1a	2940	1
ORF1a	2943	2
ORF1a	2947	1
ORF1a	2950	1
ORF1a	2952	1
ORF1a	2953	1
ORF1a	2957	1
ORF1a	2961	1
ORF1a	2963	1
ORF1a	2965	1
ORF1a	2966	3
ORF1a	2967	5
ORF1a	2968	2
ORF1a	2972	3
ORF1a	2980	4
ORF1a	2981	3
ORF1a	2994	3
ORF1a	3009	1
ORF1a	3013	1
ORF1a	3025	1
ORF1a	3026	1
ORF1a	3027	7
ORF1a	3028	2
ORF1a	3029	1
ORF1a	3030	1
ORF1a	3032	1
ORF1a	3040	2
ORF1a	3042	2
ORF1a	3048	1
ORF1a	3053	1
ORF1a	3056	1
ORF1a	3059	1
ORF1a	3060	2
ORF1a	3063	1
ORF1a	3070	6
ORF1a	3071	1
ORF1a	3080	1
ORF1a	3082	1
ORF1a	3086	1
ORF1a	3087	1
ORF1a	3090	6
ORF1a	3099	2
ORF1a	3116	2
ORF1a	3117	1
ORF1a	3126	1
ORF1a	3129	2
ORF1a	3130	3
ORF1a	3134	1
ORF1a	3135	1
ORF1a	3138	1
ORF1a	3143	8
ORF1a	3145	1
ORF1a	3148	1
ORF1a	3149	4
ORF1a	3150	1
ORF1a	3158	2
ORF1a	3161	1
ORF1a	3163	2
ORF1a	3164	1
ORF1a	3172	1
ORF1a	3180	1
ORF1a	3183	1
ORF1a	3195	1
ORF1a	3196	1
ORF1a	3197	1
ORF1a	3201	13
ORF1a	3202	1
ORF1a	3209	6
ORF1a	3210	2
ORF1a	3212	1
ORF1a	3214	1
ORF1a	3215	1
ORF1a	3220	1
ORF1a	3221	3
ORF1a	3222	1
ORF1a	3224	1
ORF1a	3228	1
ORF1a	3236	1
ORF1a	3246	1
ORF1a	3249	1
ORF1a	3255	10
ORF1a	3278	2
ORF1a	3280	3
ORF1a	3284	2
ORF1a	3286	1
ORF1a	3287	3
ORF1a	3300	1
ORF1a	3306	2
ORF1a	3310	1
ORF1a	3311	1
ORF1a	3323	1
ORF1a	3328	2
ORF1a	3330	1
ORF1a	3332	1
ORF1a	3333	1
ORF1a	3334	1
ORF1a	3336	4
ORF1a	3338	3
ORF1a	3344	1
ORF1a	3349	1
ORF1a	3350	1
ORF1a	3351	2
ORF1a	3352	1
ORF1a	3353	24
ORF1a	3356	2
ORF1a	3357	2
ORF1a	3359	4
ORF1a	3364	1
ORF1a	3368	1
ORF1a	3371	1
ORF1a	3384	1
ORF1a	3392	1
ORF1a	3395	5
ORF1a	3413	1
ORF1a	3419	1
ORF1a	3420	1
ORF1a	3422	2
ORF1a	3425	1
ORF1a	3432	1
ORF1a	3447	4
ORF1a	3448	2
ORF1a	3449	1
ORF1a	3454	3
ORF1a	3456	3
ORF1a	3457	1
ORF1a	3458	1
ORF1a	3462	1
ORF1a	3468	1
ORF1a	3476	1
ORF1a	3486	1
ORF1a	3488	1
ORF1a	3497	1
ORF1a	3499	1
ORF1a	3504	5
ORF1a	3506	1
ORF1a	3509	1
ORF1a	3510	2
ORF1a	3518	2
ORF1a	3522	1
ORF1a	3523	2
ORF1a	3529	1
ORF1a	3530	1
ORF1a	3537	3
ORF1a	3540	1
ORF1a	3542	2
ORF1a	3543	1
ORF1a	3544	1
ORF1a	3547	1
ORF1a	3548	2
ORF1a	3559	1
ORF1a	3561	1
ORF1a	3571	3
ORF1a	3576	1
ORF1a	3577	1
ORF1a	3579	3
ORF1a	3580	5
ORF1a	3585	1
ORF1a	3591	1
ORF1a	3596	2
ORF1a	3603	1
ORF1a	3606	36
ORF1a	3609	1
ORF1a	3610	1
ORF1a	3614	1
ORF1a	3615	8
ORF1a	3618	1
ORF1a	3619	1
ORF1a	3620	2
ORF1a	3621	1
ORF1a	3623	1
ORF1a	3625	1
ORF1a	3627	1
ORF1a	3644	2
ORF1a	3645	2
ORF1a	3646	3
ORF1a	3648	1
ORF1a	3649	1
ORF1a	3653	3
ORF1a	3655	1
ORF1a	3661	2
ORF1a	3662	1
ORF1a	3663	2
ORF1a	3665	1
ORF1a	3667	1
ORF1a	3673	4
ORF1a	3674	13
ORF1a	3675	27
ORF1a	3676	29
ORF1a	3677	27
ORF1a	3688	2
ORF1a	3690	2
ORF1a	3693	2
ORF1a	3694	2
ORF1a	3697	2
ORF1a	3705	3
ORF1a	3711	2
ORF1a	3712	2
ORF1a	3716	1
ORF1a	3718	10
ORF1a	3721	2
ORF1a	3722	1
ORF1a	3725	2
ORF1a	3729	2
ORF1a	3730	3
ORF1a	3731	1
ORF1a	3732	1
ORF1a	3737	1
ORF1a	3738	1
ORF1a	3750	8
ORF1a	3751	1
ORF1a	3752	2
ORF1a	3753	1
ORF1a	3754	1
ORF1a	3757	1
ORF1a	3758	3
ORF1a	3759	1
ORF1a	3761	2
ORF1a	3763	1
ORF1a	3764	2
ORF1a	3766	2
ORF1a	3767	2
ORF1a	3768	1
ORF1a	3770	1
ORF1a	3771	1
ORF1a	3777	4
ORF1a	3779	1
ORF1a	3780	2
ORF1a	3782	1
ORF1a	3784	2
ORF1a	3790	1
ORF1a	3800	1
ORF1a	3802	2
ORF1a	3804	1
ORF1a	3829	17
ORF1a	3832	1
ORF1a	3833	1
ORF1a	3836	1
ORF1a	3839	1
ORF1a	3846	2
ORF1a	3856	1
ORF1a	3858	1
ORF1a	3862	2
ORF1a	3866	1
ORF1a	3884	2
ORF1a	3885	1
ORF1a	3891	1
ORF1a	3897	1
ORF1a	3905	1
ORF1a	3915	2
ORF1a	3917	4
ORF1a	3919	1
ORF1a	3922	1
ORF1a	3927	1
ORF1a	3929	2
ORF1a	3930	5
ORF1a	3934	1
ORF1a	3936	3
ORF1a	3937	1
ORF1a	3940	2
ORF1a	3947	1
ORF1a	3949	1
ORF1a	3951	2
ORF1a	3955	1
ORF1a	3956	1
ORF1a	3958	1
ORF1a	3963	1
ORF1a	3966	2
ORF1a	3973	1
ORF1a	3976	3
ORF1a	3977	1
ORF1a	3983	1
ORF1a	3993	1
ORF1a	3995	1
ORF1a	3997	1
ORF1a	3998	1
ORF1a	3999	1
ORF1a	4010	1
ORF1a	4016	1
ORF1a	4021	1
ORF1a	4032	1
ORF1a	4037	1
ORF1a	4042	2
ORF1a	4049	1
ORF1a	4051	1
ORF1a	4064	1
ORF1a	4065	1
ORF1a	4073	1
ORF1a	4075	1
ORF1a	4080	1
ORF1a	4083	3
ORF1a	4086	1
ORF1a	4087	6
ORF1a	4088	1
ORF1a	4090	1
ORF1a	4108	1
ORF1a	4109	1
ORF1a	4115	1
ORF1a	4121	1
ORF1a	4129	2
ORF1a	4136	1
ORF1a	4147	2
ORF1a	4158	1
ORF1a	4159	1
ORF1a	4160	1
ORF1a	4161	2
ORF1a	4164	1
ORF1a	4165	1
ORF1a	4174	7
ORF1a	4175	5
ORF1a	4176	1
ORF1a	4178	2
ORF1a	4179	2
ORF1a	4182	2
ORF1a	4195	1
ORF1a	4197	3
ORF1a	4207	1
ORF1a	4211	1
ORF1a	4216	1
ORF1a	4217	1
ORF1a	4220	1
ORF1a	4226	1
ORF1a	4227	1
ORF1a	4241	3
ORF1a	4249	4
ORF1a	4261	1
ORF1a	4265	1
ORF1a	4271	1
ORF1a	4275	1
ORF1a	4285	2
ORF1a	4287	1
ORF1a	4289	1
ORF1a	4302	2
ORF1a	4304	3
ORF1a	4308	1
ORF1a	4311	1
ORF1a	4315	1
ORF1a	4317	1
ORF1a	4334	2
ORF1a	4337	3
ORF1a	4339	1
ORF1a	4354	1
ORF1a	4355	4
ORF1a	4357	1
ORF1a	4377	1
ORF1a	4380	1
ORF1a	4386	1
ORF1a	4387	2
ORF1a	4391	3
ORF1a	4398	3
ORF1b	6	1
ORF1b	11	3
ORF1b	17	6
ORF1b	34	1
ORF1b	35	3
ORF1b	47	1
ORF1b	50	2
ORF1b	53	3
ORF1b	54	2
ORF1b	57	1
ORF1b	59	1
ORF1b	66	1
ORF1b	67	1
ORF1b	69	1
ORF1b	76	2
ORF1b	82	7
ORF1b	83	2
ORF1b	84	1
ORF1b	85	4
ORF1b	86	1
ORF1b	87	1
ORF1b	88	4
ORF1b	89	1
ORF1b	91	1
ORF1b	94	1
ORF1b	97	1
ORF1b	99	1
ORF1b	101	1
ORF1b	103	1
ORF1b	106	1
ORF1b	108	1
ORF1b	115	1
ORF1b	119	1
ORF1b	121	1
ORF1b	132	3
ORF1b	136	1
ORF1b	144	2
ORF1b	149	2
ORF1b	151	2
ORF1b	159	1
ORF1b	166	1
ORF1b	167	1
ORF1b	170	1
ORF1b	172	2
ORF1b	173	1
ORF1b	176	2
ORF1b	179	1
ORF1b	183	3
ORF1b	188	1
ORF1b	206	1
ORF1b	214	1
ORF1b	216	3
ORF1b	217	2
ORF1b	218	9
ORF1b	220	3
ORF1b	222	2
ORF1b	223	1
ORF1b	235	1
ORF1b	239	3
ORF1b	240	5
ORF1b	241	1
ORF1b	245	1
ORF1b	251	1
ORF1b	254	1
ORF1b	255	2
ORF1b	267	1
ORF1b	275	1
ORF1b	276	2
ORF1b	286	1
ORF1b	293	1
ORF1b	301	1
ORF1b	302	4
ORF1b	306	1
ORF1b	310	1
ORF1b	311	1
ORF1b	314	7
ORF1b	321	1
ORF1b	335	1
ORF1b	336	1
ORF1b	337	1
ORF1b	338	1
ORF1b	339	1
ORF1b	340	1
ORF1b	341	1
ORF1b	342	1
ORF1b	343	1
ORF1b	344	1
ORF1b	345	1
ORF1b	346	1
ORF1b	347	2
ORF1b	348	2
ORF1b	349	1
ORF1b	354	1
ORF1b	355	2
ORF1b	361	1
ORF1b	371	1
ORF1b	373	3
ORF1b	386	1
ORF1b	389	1
ORF1b	390	1
ORF1b	412	1
ORF1b	425	3
ORF1b	436	1
ORF1b	437	1
ORF1b	441	1
ORF1b	452	1
ORF1b	454	1
ORF1b	460	1
ORF1b	484	1
ORF1b	498	2
ORF1b	512	1
ORF1b	520	1
ORF1b	527	3
ORF1b	531	1
ORF1b	538	1
ORF1b	539	1
ORF1b	541	1
ORF1b	553	1
ORF1b	574	2
ORF1b	576	1
ORF1b	579	1
ORF1b	590	1
ORF1b	592	1
ORF1b	597	1
ORF1b	598	1
ORF1b	604	1
ORF1b	605	1
ORF1b	620	2
ORF1b	623	1
ORF1b	629	3
ORF1b	630	1
ORF1b	634	1
ORF1b	637	1
ORF1b	638	1
ORF1b	639	1
ORF1b	647	1
ORF1b	657	5
ORF1b	658	1
ORF1b	659	1
ORF1b	662	4
ORF1b	679	1
ORF1b	685	10
ORF1b	690	1
ORF1b	696	2
ORF1b	697	1
ORF1b	701	1
ORF1b	709	2
ORF1b	711	1
ORF1b	716	2
ORF1b	720	1
ORF1b	721	1
ORF1b	727	1
ORF1b	729	2
ORF1b	730	5
ORF1b	735	2
ORF1b	742	1
ORF1b	747	1
ORF1b	763	1
ORF1b	765	2
ORF1b	767	2
ORF1b	769	1
ORF1b	771	1
ORF1b	773	1
ORF1b	788	2
ORF1b	794	2
ORF1b	797	2
ORF1b	798	1
ORF1b	799	1
ORF1b	813	3
ORF1b	814	1
ORF1b	815	2
ORF1b	818	1
ORF1b	820	1
ORF1b	821	1
ORF1b	822	1
ORF1b	829	1
ORF1b	839	1
ORF1b	846	1
ORF1b	861	1
ORF1b	863	1
ORF1b	866	2
ORF1b	870	3
ORF1b	873	2
ORF1b	884	1
ORF1b	890	2
ORF1b	897	1
ORF1b	901	1
ORF1b	904	2
ORF1b	913	1
ORF1b	915	1
ORF1b	930	1
ORF1b	941	3
ORF1b	959	8
ORF1b	966	1
ORF1b	970	2
ORF1b	972	1
ORF1b	975	1
ORF1b	976	13
ORF1b	984	1
ORF1b	997	3
ORF1b	1000	3
ORF1b	1001	2
ORF1b	1003	2
ORF1b	1011	1
ORF1b	1012	1
ORF1b	1023	1
ORF1b	1030	1
ORF1b	1033	2
ORF1b	1036	1
ORF1b	1038	1
ORF1b	1048	1
ORF1b	1050	2
ORF1b	1052	1
ORF1b	1058	1
ORF1b	1074	2
ORF1b	1075	1
ORF1b	1076	2
ORF1b	1080	1
ORF1b	1087	10
ORF1b	1089	1
ORF1b	1092	2
ORF1b	1093	2
ORF1b	1094	1
ORF1b	1095	3
ORF1b	1099	1
ORF1b	1105	1
ORF1b	1116	1
ORF1b	1121	1
ORF1b	1129	1
ORF1b	1131	1
ORF1b	1133	2
ORF1b	1137	1
ORF1b	1141	2
ORF1b	1143	2
ORF1b	1149	2
ORF1b	1156	2
ORF1b	1162	1
ORF1b	1165	1
ORF1b	1167	1
ORF1b	1173	1
ORF1b	1174	1
ORF1b	1175	1
ORF1b	1176	1
ORF1b	1177	2
ORF1b	1178	1
ORF1b	1179	3
ORF1b	1180	1
ORF1b	1181	2
ORF1b	1182	4
ORF1b	1183	2
ORF1b	1184	5
ORF1b	1185	1
ORF1b	1186	2
ORF1b	1187	2
ORF1b	1188	1
ORF1b	1189	1
ORF1b	1190	2
ORF1b	1191	1
ORF1b	1192	2
ORF1b	1193	1
ORF1b	1194	1
ORF1b	1195	1
ORF1b	1196	1
ORF1b	1197	4
ORF1b	1198	1
ORF1b	1199	1
ORF1b	1200	2
ORF1b	1201	1
ORF1b	1202	1
ORF1b	1203	2
ORF1b	1204	1
ORF1b	1205	1
ORF1b	1206	1
ORF1b	1207	1
ORF1b	1208	1
ORF1b	1213	2
ORF1b	1215	1
ORF1b	1219	7
ORF1b	1220	1
ORF1b	1223	1
ORF1b	1227	1
ORF1b	1229	1
ORF1b	1245	1
ORF1b	1251	2
ORF1b	1256	1
ORF1b	1257	3
ORF1b	1259	2
ORF1b	1264	7
ORF1b	1273	3
ORF1b	1274	2
ORF1b	1286	2
ORF1b	1287	1
ORF1b	1288	2
ORF1b	1289	1
ORF1b	1291	4
ORF1b	1293	1
ORF1b	1294	1
ORF1b	1310	1
ORF1b	1311	1
ORF1b	1312	1
ORF1b	1315	3
ORF1b	1322	1
ORF1b	1326	2
ORF1b	1335	1
ORF1b	1336	1
ORF1b	1339	1
ORF1b	1342	1
ORF1b	1344	1
ORF1b	1351	1
ORF1b	1354	2
ORF1b	1359	1
ORF1b	1361	1
ORF1b	1362	1
ORF1b	1368	1
ORF1b	1369	1
ORF1b	1375	1
ORF1b	1377	1
ORF1b	1382	1
ORF1b	1383	5
ORF1b	1387	1
ORF1b	1392	1
ORF1b	1393	1
ORF1b	1397	4
ORF1b	1404	3
ORF1b	1407	2
ORF1b	1408	1
ORF1b	1414	1
ORF1b	1423	1
ORF1b	1425	1
ORF1b	1427	7
ORF1b	1428	3
ORF1b	1432	1
ORF1b	1441	4
ORF1b	1443	2
ORF1b	1447	1
ORF1b	1452	1
ORF1b	1453	2
ORF1b	1464	2
ORF1b	1469	1
ORF1b	1476	1
ORF1b	1491	1
ORF1b	1493	1
ORF1b	1498	1
ORF1b	1499	3
ORF1b	1501	1
ORF1b	1504	2
ORF1b	1507	1
ORF1b	1511	4
ORF1b	1512	1
ORF1b	1518	2
ORF1b	1521	3
ORF1b	1522	4
ORF1b	1524	1
ORF1b	1525	1
ORF1b	1538	2
ORF1b	1540	3
ORF1b	1541	1
ORF1b	1547	1
ORF1b	1550	1
ORF1b	1555	3
ORF1b	1565	1
ORF1b	1566	7
ORF1b	1567	5
ORF1b	1570	5
ORF1b	1572	1
ORF1b	1573	4
ORF1b	1586	2
ORF1b	1594	1
ORF1b	1596	6
ORF1b	1598	2
ORF1b	1599	1
ORF1b	1601	1
ORF1b	1604	2
ORF1b	1606	1
ORF1b	1609	2
ORF1b	1611	1
ORF1b	1619	1
ORF1b	1620	4
ORF1b	1637	6
ORF1b	1643	10
ORF1b	1644	4
ORF1b	1645	2
ORF1b	1649	1
ORF1b	1651	1
ORF1b	1653	1
ORF1b	1659	1
ORF1b	1662	1
ORF1b	1666	1
ORF1b	1669	1
ORF1b	1671	2
ORF1b	1677	2
ORF1b	1681	5
ORF1b	1682	1
ORF1b	1687	1
ORF1b	1691	3
ORF1b	1693	1
ORF1b	1701	5
ORF1b	1706	1
ORF1b	1719	1
ORF1b	1720	1
ORF1b	1723	2
ORF1b	1724	1
ORF1b	1727	7
ORF1b	1728	2
ORF1b	1729	2
ORF1b	1747	1
ORF1b	1752	1
ORF1b	1774	3
ORF1b	1779	2
ORF1b	1783	1
ORF1b	1786	1
ORF1b	1793	1
ORF1b	1798	2
ORF1b	1804	1
ORF1b	1811	1
ORF1b	1812	1
ORF1b	1813	2
ORF1b	1815	1
ORF1b	1821	6
ORF1b	1822	1
ORF1b	1824	1
ORF1b	1831	1
ORF1b	1839	1
ORF1b	1840	1
ORF1b	1844	1
ORF1b	1847	2
ORF1b	1848	3
ORF1b	1850	2
ORF1b	1851	3
ORF1b	1852	1
ORF1b	1854	2
ORF1b	1869	1
ORF1b	1871	2
ORF1b	1873	1
ORF1b	1877	1
ORF1b	1880	1
ORF1b	1884	4
ORF1b	1891	1
ORF1b	1895	2
ORF1b	1896	2
ORF1b	1898	2
ORF1b	1914	1
ORF1b	1915	1
ORF1b	1916	1
ORF1b	1917	1
ORF1b	1918	2
ORF1b	1932	1
ORF1b	1933	1
ORF1b	1936	3
ORF1b	1944	1
ORF1b	1945	1
ORF1b	1953	2
ORF1b	1961	1
ORF1b	1965	1
ORF1b	1967	1
ORF1b	1974	3
ORF1b	1975	2
ORF1b	1977	1
ORF1b	1979	2
ORF1b	1996	2
ORF1b	1998	1
ORF1b	2005	1
ORF1b	2006	1
ORF1b	2017	3
ORF1b	2021	1
ORF1b	2025	3
ORF1b	2028	1
ORF1b	2032	1
ORF1b	2040	2
ORF1b	2048	1
ORF1b	2057	2
ORF1b	2061	1
ORF1b	2062	1
ORF1b	2063	2
ORF1b	2065	1
ORF1b	2069	1
ORF1b	2070	4
ORF1b	2073	5
ORF1b	2076	1
ORF1b	2077	1
ORF1b	2084	4
ORF1b	2086	1
ORF1b	2089	1
ORF1b	2090	2
ORF1b	2099	1
ORF1b	2108	1
ORF1b	2117	3
ORF1b	2131	3
ORF1b	2132	1
ORF1b	2134	1
ORF1b	2138	1
ORF1b	2141	1
ORF1b	2142	3
ORF1b	2143	3
ORF1b	2145	2
ORF1b	2158	1
ORF1b	2160	1
ORF1b	2162	1
ORF1b	2163	2
ORF1b	2165	1
ORF1b	2166	1
ORF1b	2168	2
ORF1b	2169	3
ORF1b	2170	1
ORF1b	2171	1
ORF1b	2178	4
ORF1b	2179	1
ORF1b	2180	1
ORF1b	2182	2
ORF1b	2183	3
ORF1b	2186	1
ORF1b	2196	1
ORF1b	2198	1
ORF1b	2213	1
ORF1b	2217	1
ORF1b	2222	5
ORF1b	2223	2
ORF1b	2237	1
ORF1b	2247	1
ORF1b	2256	5
ORF1b	2257	3
ORF1b	2258	1
ORF1b	2260	4
ORF1b	2262	1
ORF1b	2268	1
ORF1b	2269	3
ORF1b	2278	1
ORF1b	2279	1
ORF1b	2285	2
ORF1b	2294	1
ORF1b	2301	1
ORF1b	2303	1
ORF1b	2306	1
ORF1b	2308	1
ORF1b	2310	2
ORF1b	2311	1
ORF1b	2312	2
ORF1b	2313	5
ORF1b	2314	1
ORF1b	2317	1
ORF1b	2320	1
ORF1b	2321	2
ORF1b	2322	1
ORF1b	2330	1
ORF1b	2333	4
ORF1b	2337	3
ORF1b	2339	4
ORF1b	2340	1
ORF1b	2341	1
ORF1b	2345	2
ORF1b	2346	1
ORF1b	2350	1
ORF1b	2355	1
ORF1b	2358	1
ORF1b	2361	1
ORF1b	2365	1
ORF1b	2367	1
ORF1b	2376	1
ORF1b	2378	1
ORF1b	2382	1
ORF1b	2384	1
ORF1b	2385	1
ORF1b	2386	1
ORF1b	2388	2
ORF1b	2399	1
ORF1b	2406	1
ORF1b	2408	1
ORF1b	2417	1
ORF1b	2425	2
ORF1b	2429	1
ORF1b	2430	2
ORF1b	2431	6
ORF1b	2432	4
ORF1b	2435	2
ORF1b	2437	1
ORF1b	2445	1
ORF1b	2453	1
ORF1b	2457	1
ORF1b	2460	1
ORF1b	2474	1
ORF1b	2488	1
ORF1b	2497	1
ORF1b	2498	1
ORF1b	2507	1
ORF1b	2510	1
ORF1b	2513	1
ORF1b	2516	1
ORF1b	2517	1
ORF1b	2530	1
ORF1b	2531	3
ORF1b	2537	5
ORF1b	2545	1
ORF1b	2548	2
ORF1b	2557	7
ORF1b	2559	2
ORF1b	2560	1
ORF1b	2564	1
ORF1b	2566	1
ORF1b	2575	1
ORF1b	2576	1
ORF1b	2579	1
ORF1b	2580	1
ORF1b	2585	2
ORF1b	2604	1
ORF1b	2610	1
ORF1b	2612	5
ORF1b	2613	8
ORF1b	2627	1
ORF1b	2631	1
ORF1b	2633	3
ORF1b	2635	5
ORF1b	2636	1
ORF1b	2652	1
ORF1b	2655	1
ORF1b	2661	1
ORF1b	2667	1
ORF1b	2678	1
ORF1b	2684	1
ORF1b	2685	2
S	3	2
S	5	19
S	6	2
S	8	2
S	9	2
S	12	4
S	13	2
S	14	2
S	15	1
S	18	13
S	19	12
S	20	2
S	21	9
S	22	1
S	24	15
S	25	16
S	26	19
S	27	15
S	28	3
S	29	5
S	33	1
S	35	1
S	45	1
S	46	2
S	47	2
S	48	1
S	49	6
S	50	1
S	51	1
S	52	2
S	53	1
S	54	2
S	55	1
S	63	1
S	64	4
S	66	4
S	67	20
S	68	14
S	69	43
S	70	40
S	72	2
S	75	4
S	76	4
S	77	1
S	80	6
S	84	3
S	85	1
S	88	2
S	95	35
S	96	3
S	97	2
S	98	4
S	100	2
S	101	1
S	102	1
S	111	1
S	112	1
S	113	1
S	114	1
S	115	2
S	124	1
S	126	1
S	138	6
S	139	2
S	140	3
S	141	8
S	142	78
S	143	15
S	144	28
S	145	17
S	146	3
S	147	1
S	148	3
S	150	3
S	152	4
S	153	7
S	154	1
S	155	1
S	156	10
S	157	19
S	158	13
S	159	1
S	160	1
S	161	1
S	162	1
S	163	1
S	164	3
S	165	1
S	166	2
S	167	1
S	168	1
S	169	1
S	170	2
S	171	2
S	172	1
S	173	3
S	174	1
S	175	1
S	176	6
S	177	2
S	178	3
S	179	1
S	180	2
S	181	5
S	182	2
S	183	5
S	184	1
S	185	2
S	186	4
S	187	2
S	188	1
S	189	2
S	190	4
S	191	1
S	192	1
S	193	2
S	194	1
S	195	1
S	196	1
S	197	1
S	198	1
S	199	1
S	200	1
S	201	1
S	202	1
S	203	1
S	209	1
S	210	5
S	211	49
S	212	41
S	213	16
S	214	7
S	215	14
S	219	1
S	221	3
S	222	10
S	227	1
S	228	1
S	231	2
S	233	2
S	234	1
S	237	1
S	240	3
S	241	5
S	242	6
S	243	8
S	245	3
S	246	1
S	247	1
S	248	3
S	249	1
S	250	3
S	251	3
S	252	1
S	253	5
S	254	4
S	255	3
S	256	2
S	257	5
S	258	5
S	259	1
S	262	3
S	263	2
S	264	2
S	265	1
S	272	1
S	273	2
S	274	1
S	275	1
S	276	1
S	277	1
S	278	1
S	279	1
S	280	1
S	281	1
S	282	1
S	283	1
S	284	1
S	285	1
S	286	1
S	287	2
S	288	1
S	289	2
S	290	1
S	291	1
S	292	2
S	293	1
S	294	1
S	295	1
S	296	1
S	297	1
S	298	1
S	299	2
S	300	1
S	301	1
S	302	1
S	307	1
S	308	2
S	309	1
S	314	1
S	320	1
S	321	1
S	323	1
S	330	1
S	337	1
S	339	5
S	346	15
S	348	1
S	352	1
S	356	2
S	357	1
S	361	1
S	362	1
S	363	1
S	364	1
S	365	1
S	366	1
S	367	1
S	368	2
S	369	1
S	371	19
S	372	1
S	373	9
S	374	1
S	375	11
S	376	7
S	377	1
S	378	1
S	385	2
S	394	1
S	405	4
S	408	24
S	411	1
S	414	3
S	415	1
S	417	23
S	419	1
S	427	1
S	439	4
S	440	59
S	444	2
S	445	1
S	446	12
S	449	5
S	450	2
S	452	18
S	455	2
S	459	1
S	460	7
S	469	2
S	476	1
S	477	12
S	478	7
S	479	3
S	481	3
S	482	1
S	484	27
S	486	1
S	490	8
S	493	17
S	494	5
S	495	1
S	496	5
S	498	10
S	500	2
S	501	21
S	505	8
S	508	1
S	519	1
S	520	2
S	522	4
S	524	1
S	526	1
S	529	1
S	540	1
S	547	5
S	565	3
S	570	2
S	572	2
S	574	1
S	575	2
S	613	5
S	614	6
S	622	2
S	626	2
S	627	4
S	629	1
S	630	1
S	631	2
S	640	3
S	641	1
S	643	2
S	646	1
S	654	1
S	655	6
S	658	2
S	670	1
S	675	11
S	677	10
S	678	1
S	679	2
S	680	1
S	681	17
S	682	1
S	684	1
S	688	3
S	689	2
S	690	1
S	696	1
S	699	1
S	701	10
S	704	4
S	706	2
S	708	1
S	713	2
S	716	4
S	719	2
S	723	2
S	726	1
S	732	5
S	735	2
S	740	3
S	745	1
S	747	4
S	754	2
S	762	1
S	764	12
S	765	3
S	769	4
S	771	1
S	772	1
S	778	1
S	784	1
S	785	1
S	787	1
S	791	3
S	794	1
S	795	1
S	796	6
S	798	1
S	804	1
S	805	2
S	809	2
S	811	1
S	812	4
S	813	1
S	818	1
S	831	1
S	834	1
S	839	3
S	842	1
S	845	3
S	846	1
S	850	1
S	853	1
S	856	3
S	858	2
S	859	6
S	860	1
S	877	1
S	879	6
S	882	1
S	883	2
S	888	1
S	893	1
S	896	1
S	899	1
S	907	1
S	922	1
S	929	1
S	936	6
S	937	1
S	938	2
S	939	5
S	940	1
S	942	2
S	943	1
S	944	1
S	950	11
S	954	4
S	957	1
S	964	1
S	969	2
S	978	1
S	981	3
S	982	1
S	1006	1
S	1014	1
S	1020	2
S	1027	6
S	1040	1
S	1063	1
S	1065	1
S	1068	1
S	1070	4
S	1072	1
S	1074	1
S	1078	5
S	1079	1
S	1081	1
S	1083	1
S	1084	1
S	1087	2
S	1090	1
S	1092	1
S	1099	1
S	1101	3
S	1104	3
S	1111	1
S	1113	1
S	1117	3
S	1118	5
S	1122	1
S	1127	2
S	1139	1
S	1143	1
S	1144	1
S	1146	1
S	1147	1
S	1149	1
S	1150	1
S	1154	1
S	1155	2
S	1159	2
S	1162	4
S	1164	1
S	1167	1
S	1171	1
S	1172	1
S	1176	6
S	1177	1
S	1188	1
S	1191	3
S	1199	1
S	1202	3
S	1203	1
S	1208	1
S	1219	3
S	1221	3
S	1228	3
S	1229	1
S	1232	2
S	1237	7
S	1243	5
S	1245	2
S	1246	1
S	1248	1
S	1250	1
S	1251	1
S	1252	1
S	1255	1
S	1258	1
S	1259	3
S	1260	1
S	1263	6
S	1264	16
S	1265	2
S	1266	1
S	1267	2
S	1272	1
ORF3a	2	2
ORF3a	5	1
ORF3a	7	1
ORF3a	9	1
ORF3a	11	1
ORF3a	12	4
ORF3a	13	4
ORF3a	14	5
ORF3a	15	8
ORF3a	16	1
ORF3a	17	1
ORF3a	18	4
ORF3a	19	2
ORF3a	20	1
ORF3a	21	3
ORF3a	22	1
ORF3a	23	4
ORF3a	24	3
ORF3a	25	4
ORF3a	26	3
ORF3a	27	7
ORF3a	29	3
ORF3a	31	3
ORF3a	32	3
ORF3a	33	2
ORF3a	34	3
ORF3a	35	1
ORF3a	37	4
ORF3a	38	2
ORF3a	40	5
ORF3a	41	6
ORF3a	42	5
ORF3a	43	2
ORF3a	44	4
ORF3a	45	5
ORF3a	46	2
ORF3a	49	5
ORF3a	52	3
ORF3a	53	7
ORF3a	54	4
ORF3a	57	5
ORF3a	58	2
ORF3a	59	1
ORF3a	60	5
ORF3a	61	2
ORF3a	62	1
ORF3a	63	3
ORF3a	64	2
ORF3a	65	3
ORF3a	67	2
ORF3a	68	7
ORF3a	69	2
ORF3a	72	1
ORF3a	74	11
ORF3a	76	1
ORF3a	77	1
ORF3a	78	7
ORF3a	81	1
ORF3a	82	1
ORF3a	85	3
ORF3a	88	2
ORF3a	89	1
ORF3a	92	1
ORF3a	93	5
ORF3a	94	4
ORF3a	95	4
ORF3a	96	1
ORF3a	97	1
ORF3a	98	2
ORF3a	99	9
ORF3a	100	3
ORF3a	101	3
ORF3a	103	1
ORF3a	104	4
ORF3a	106	5
ORF3a	107	3
ORF3a	108	2
ORF3a	110	9
ORF3a	111	1
ORF3a	112	3
ORF3a	118	1
ORF3a	125	2
ORF3a	126	3
ORF3a	128	3
ORF3a	129	1
ORF3a	131	4
ORF3a	134	4
ORF3a	136	1
ORF3a	140	6
ORF3a	145	1
ORF3a	151	8
ORF3a	152	1
ORF3a	153	2
ORF3a	154	1
ORF3a	155	14
ORF3a	165	2
ORF3a	166	1
ORF3a	170	2
ORF3a	171	14
ORF3a	172	9
ORF3a	173	3
ORF3a	174	3
ORF3a	175	8
ORF3a	176	2
ORF3a	178	1
ORF3a	180	2
ORF3a	181	1
ORF3a	183	1
ORF3a	184	1
ORF3a	185	3
ORF3a	189	1
ORF3a	194	1
ORF3a	195	3
ORF3a	196	2
ORF3a	202	4
ORF3a	209	1
ORF3a	210	2
ORF3a	213	4
ORF3a	216	2
ORF3a	217	1
ORF3a	218	2
ORF3a	219	1
ORF3a	220	1
ORF3a	221	1
ORF3a	222	2
ORF3a	223	7
ORF3a	224	6
ORF3a	225	2
ORF3a	228	1
ORF3a	229	4
ORF3a	232	1
ORF3a	235	1
ORF3a	236	1
ORF3a	238	2
ORF3a	239	3
ORF3a	240	8
ORF3a	244	2
ORF3a	246	2
ORF3a	247	2
ORF3a	249	1
ORF3a	251	3
ORF3a	253	1
ORF3a	254	1
ORF3a	255	3
ORF3a	256	4
ORF3a	257	1
ORF3a	259	1
ORF3a	260	4
ORF3a	264	1
ORF3a	265	1
ORF3a	267	5
ORF3a	268	1
ORF3a	269	1
ORF3a	273	1
E	9	5
E	11	2
E	18	1
E	20	1
E	21	3
E	22	1
E	23	1
E	24	1
E	26	1
E	55	5
E	58	4
E	61	7
E	62	4
E	64	1
E	68	2
E	70	1
E	71	3
E	72	1
E	75	1
M	2	8
M	3	19
M	4	4
M	6	3
M	7	1
M	10	2
M	16	1
M	17	5
M	19	19
M	23	2
M	28	1
M	29	3
M	38	1
M	41	1
M	44	2
M	46	1
M	48	2
M	60	1
M	63	7
M	68	1
M	69	1
M	70	2
M	71	1
M	81	1
M	82	6
M	83	1
M	85	2
M	89	1
M	90	1
M	93	1
M	94	1
M	101	2
M	104	2
M	109	3
M	124	1
M	125	5
M	146	2
M	155	3
M	158	1
M	162	1
M	175	1
M	184	1
M	185	2
M	186	1
M	194	1
M	201	1
M	208	1
M	209	2
M	212	2
ORF6	2	3
ORF6	3	2
ORF6	6	1
ORF6	7	1
ORF6	8	2
ORF6	10	1
ORF6	11	2
ORF6	15	1
ORF6	17	1
ORF6	18	1
ORF6	19	2
ORF6	20	2
ORF6	21	1
ORF6	22	1
ORF6	23	3
ORF6	24	3
ORF6	25	2
ORF6	26	3
ORF6	27	3
ORF6	28	2
ORF6	29	3
ORF6	30	3
ORF6	31	1
ORF6	33	2
ORF6	36	1
ORF6	37	2
ORF6	40	1
ORF6	41	1
ORF6	42	1
ORF6	46	1
ORF6	48	1
ORF6	49	2
ORF6	50	1
ORF6	54	1
ORF6	57	5
ORF6	58	3
ORF6	59	1
ORF6	61	9
ORF7a	3	2
ORF7a	4	1
ORF7a	6	2
ORF7a	8	2
ORF7a	9	1
ORF7a	10	1
ORF7a	11	1
ORF7a	12	2
ORF7a	13	3
ORF7a	14	5
ORF7a	17	3
ORF7a	20	1
ORF7a	22	1
ORF7a	23	1
ORF7a	24	4
ORF7a	25	3
ORF7a	27	1
ORF7a	28	3
ORF7a	29	1
ORF7a	32	2
ORF7a	34	8
ORF7a	36	2
ORF7a	37	5
ORF7a	38	8
ORF7a	39	6
ORF7a	40	2
ORF7a	41	2
ORF7a	42	1
ORF7a	43	2
ORF7a	44	3
ORF7a	45	5
ORF7a	46	3
ORF7a	47	6
ORF7a	48	1
ORF7a	49	1
ORF7a	50	1
ORF7a	51	1
ORF7a	52	1
ORF7a	53	1
ORF7a	54	6
ORF7a	55	5
ORF7a	56	7
ORF7a	57	5
ORF7a	58	6
ORF7a	59	5
ORF7a	60	6
ORF7a	61	8
ORF7a	62	8
ORF7a	63	5
ORF7a	64	5
ORF7a	65	4
ORF7a	66	5
ORF7a	67	3
ORF7a	68	4
ORF7a	69	6
ORF7a	70	4
ORF7a	71	5
ORF7a	72	7
ORF7a	73	7
ORF7a	74	5
ORF7a	75	5
ORF7a	76	5
ORF7a	77	3
ORF7a	78	3
ORF7a	79	4
ORF7a	80	4
ORF7a	81	7
ORF7a	82	8
ORF7a	83	5
ORF7a	84	8
ORF7a	85	2
ORF7a	86	1
ORF7a	87	1
ORF7a	88	2
ORF7a	89	1
ORF7a	90	1
ORF7a	91	2
ORF7a	92	2
ORF7a	93	4
ORF7a	94	6
ORF7a	95	2
ORF7a	96	4
ORF7a	97	3
ORF7a	98	4
ORF7a	99	7
ORF7a	100	3
ORF7a	101	5
ORF7a	102	5
ORF7a	103	7
ORF7a	104	3
ORF7a	105	4
ORF7a	106	1
ORF7a	107	2
ORF7a	108	2
ORF7a	109	1
ORF7a	110	4
ORF7a	111	1
ORF7a	112	1
ORF7a	113	1
ORF7a	114	1
ORF7a	115	3
ORF7a	116	5
ORF7a	117	1
ORF7a	118	3
ORF7a	119	1
ORF7a	120	9
ORF7a	121	2
ORF7a	122	1
ORF7b	1	1
ORF7b	3	2
ORF7b	4	1
ORF7b	5	2
ORF7b	6	1
ORF7b	7	1
ORF7b	8	2
ORF7b	9	1
ORF7b	10	1
ORF7b	11	2
ORF7b	12	1
ORF7b	13	2
ORF7b	14	2
ORF7b	15	3
ORF7b	24	1
ORF7b	33	1
ORF7b	37	1
ORF7b	38	1
ORF7b	39	3
ORF7b	40	4
ORF7b	41	1
ORF7b	42	6
ORF8	1	2
ORF8	2	1
ORF8	4	1
ORF8	6	1
ORF8	8	2
ORF8	10	2
ORF8	11	3
ORF8	14	1
ORF8	15	1
ORF8	17	1
ORF8	18	7
ORF8	20	1
ORF8	23	1
ORF8	24	1
ORF8	26	2
ORF8	27	8
ORF8	29	1
ORF8	30	4
ORF8	31	1
ORF8	35	2
ORF8	36	3
ORF8	38	3
ORF8	39	1
ORF8	40	1
ORF8	42	1
ORF8	45	3
ORF8	46	1
ORF8	47	1
ORF8	48	1
ORF8	49	2
ORF8	50	1
ORF8	51	3
ORF8	52	9
ORF8	53	2
ORF8	54	2
ORF8	55	2
ORF8	56	2
ORF8	57	1
ORF8	58	1
ORF8	59	3
ORF8	60	3
ORF8	61	2
ORF8	62	8
ORF8	63	2
ORF8	64	4
ORF8	65	14
ORF8	66	3
ORF8	67	11
ORF8	68	5
ORF8	69	2
ORF8	70	2
ORF8	71	1
ORF8	72	3
ORF8	73	2
ORF8	74	2
ORF8	75	1
ORF8	76	4
ORF8	77	1
ORF8	78	1
ORF8	79	1
ORF8	80	1
ORF8	81	1
ORF8	82	1
ORF8	83	2
ORF8	84	1
ORF8	85	1
ORF8	86	2
ORF8	87	2
ORF8	88	1
ORF8	90	1
ORF8	92	2
ORF8	93	3
ORF8	95	7
ORF8	99	1
ORF8	101	2
ORF8	106	7
ORF8	110	1
ORF8	112	2
ORF8	114	1
ORF8	116	1
ORF8	117	1
ORF8	118	2
ORF8	119	12
ORF8	120	21
ORF8	121	13
N	2	3
N	3	9
N	4	1
N	6	3
N	7	2
N	9	3
N	12	4
N	13	17
N	14	6
N	16	1
N	18	3
N	19	2
N	20	1
N	22	1
N	24	4
N	25	1
N	26	3
N	28	2
N	29	1
N	30	20
N	31	21
N	32	24
N	33	29
N	34	4
N	35	2
N	36	1
N	37	2
N	38	1
N	40	1
N	41	2
N	42	1
N	44	2
N	45	1
N	46	2
N	47	1
N	48	1
N	49	5
N	50	1
N	52	1
N	53	1
N	55	1
N	56	1
N	58	1
N	63	10
N	65	2
N	67	5
N	68	2
N	70	2
N	72	1
N	80	2
N	83	1
N	84	1
N	90	3
N	95	1
N	96	1
N	97	1
N	99	1
N	100	2
N	101	2
N	102	1
N	103	3
N	104	2
N	105	1
N	106	2
N	107	1
N	108	1
N	109	1
N	110	1
N	111	1
N	112	1
N	113	1
N	114	1
N	115	1
N	116	1
N	117	1
N	118	1
N	119	5
N	120	3
N	121	1
N	122	2
N	123	1
N	124	1
N	125	1
N	126	1
N	127	1
N	128	6
N	129	2
N	130	2
N	131	2
N	132	1
N	133	1
N	134	5
N	135	6
N	136	1
N	137	1
N	139	4
N	140	1
N	142	4
N	144	1
N	145	1
N	147	2
N	148	1
N	151	5
N	152	4
N	155	1
N	160	1
N	161	2
N	162	2
N	164	1
N	165	1
N	166	2
N	168	2
N	173	2
N	177	1
N	178	1
N	179	2
N	180	2
N	183	2
N	184	1
N	186	1
N	187	5
N	189	1
N	190	2
N	191	1
N	193	4
N	194	8
N	195	3
N	197	2
N	198	2
N	199	6
N	200	1
N	201	1
N	202	3
N	203	12
N	204	7
N	205	10
N	206	1
N	207	3
N	208	4
N	209	4
N	210	2
N	211	4
N	212	1
N	213	3
N	214	3
N	215	5
N	216	1
N	217	3
N	218	2
N	219	1
N	220	4
N	221	1
N	229	1
N	230	2
N	234	11
N	235	1
N	236	1
N	238	2
N	239	1
N	242	1
N	243	6
N	245	1
N	251	1
N	252	2
N	254	2
N	265	1
N	270	4
N	271	3
N	279	4
N	280	1
N	282	2
N	290	1
N	292	3
N	296	1
N	297	1
N	299	1
N	300	4
N	310	1
N	313	1
N	317	1
N	319	1
N	322	2
N	325	2
N	326	6
N	327	5
N	334	5
N	339	1
N	343	1
N	344	1
N	348	3
N	350	1
N	357	2
N	359	2
N	360	1
N	362	8
N	364	2
N	365	5
N	366	4
N	370	1
N	373	1
N	374	1
N	376	1
N	377	12
N	378	6
N	379	6
N	383	6
N	384	1
N	385	2
N	387	1
N	389	3
N	390	1
N	391	2
N	393	2
N	395	1
N	397	2
N	398	1
N	399	3
N	401	3
N	402	3
N	405	1
N	409	1
N	412	5
N	413	4
N	414	2
N	416	2
N	418	5
